<?xml version="1.0" encoding="UTF-8"?>
<!-- $Id: bootstrapping.xml 17523 2009-09-16 15:51:58Z hardy.ferentschik $ -->
<!--
  ~ Hibernate, Relational Persistence for Idiomatic Java
  ~
  ~ Copyright (c) 2009, Red Hat, Inc. and/or its affiliates  or third-party contributors as
  ~ indicated by the @author tags or express copyright attribution
  ~ statements applied by the authors.  All third-party contributions are
  ~ distributed under license by Red Hat, Inc.
  ~
  ~ This copyrighted material is made available to anyone wishing to use, modify,
  ~ copy, or redistribute it subject to the terms and conditions of the GNU
  ~ Lesser General Public License, as published by the Free Software Foundation.
  ~
  ~ This program is distributed in the hope that it will be useful,
  ~ but WITHOUT ANY WARRANTY; without even the implied warranty of MERCHANTABILITY
  ~ or FITNESS FOR A PARTICULAR PURPOSE.  See the GNU Lesser General Public License
  ~ for more details.
  ~
  ~ You should have received a copy of the GNU Lesser General Public License
  ~ along with this distribution; if not, write to:
  ~ Free Software Foundation, Inc.
  ~ 51 Franklin Street, Fifth Floor
  ~ Boston, MA  02110-1301  USA
  -->
<!DOCTYPE chapter PUBLIC "-//OASIS//DTD DocBook XML V4.5//EN"
"http://www.oasis-open.org/docbook/xml/4.5/docbookx.dtd">
<chapter>
  <title id="chapter-further-reading">Further reading</title>

  <para>Last but not least, a few pointers to further information. A great
  source for examples is the Bean Validation TCK which can is available for
  anonymous access in the Hibernate <ulink
  url="http://anonsvn.jboss.org/repos/hibernate/validator/trunk">SVN
  repository</ulink>. Alternatively you can view the tests using <ulink
  url="http://fisheye.jboss.org/browse/Hibernate/beanvalidation/trunk/validation-tck/src/main/java/org/hibernate/jsr303/tck/tests">Hibernate's
  fisheye</ulink> installation. <ulink
  url="http://jcp.org/en/jsr/detail?id=303">The JSR 303</ulink> specification
  itself is also a great way to deepen your understanding of Bean Validation
  resp. Hibernate Validator.</para>

  <para>If you have any furhter questions to Hibernate Validator or want to
  share some of your use cases have a look at the <ulink
  url="http://www.hibernate.org/469.html">Hibernate Validator Wiki</ulink> and
  the <ulink url="https://forum.hibernate.org/viewforum.php?f=9">Hibernate
  Validator Forum</ulink>.</para>

  <para>In case you would like to report a bug use <ulink
  url="http://opensource.atlassian.com/projects/hibernate/browse/HV">Hibernate's
  Jira</ulink> instance. Feedback is always welcome!</para>
</chapter>
