<?xml version="1.0" encoding="UTF-8"?>
<!-- $Id: introduction.xml 17620 2009-10-04 19:19:28Z hardy.ferentschik $ -->
<!--
  ~ Hibernate, Relational Persistence for Idiomatic Java
  ~
  ~ Copyright (c) 2009, Red Hat, Inc. and/or its affiliates  or third-party contributors as
  ~ indicated by the @author tags or express copyright attribution
  ~ statements applied by the authors.  All third-party contributions are
  ~ distributed under license by Red Hat, Inc.
  ~
  ~ This copyrighted material is made available to anyone wishing to use, modify,
  ~ copy, or redistribute it subject to the terms and conditions of the GNU
  ~ Lesser General Public License, as published by the Free Software Foundation.
  ~
  ~ This program is distributed in the hope that it will be useful,
  ~ but WITHOUT ANY WARRANTY; without even the implied warranty of MERCHANTABILITY
  ~ or FITNESS FOR A PARTICULAR PURPOSE.  See the GNU Lesser General Public License
  ~ for more details.
  ~
  ~ You should have received a copy of the GNU Lesser General Public License
  ~ along with this distribution; if not, write to:
  ~ Free Software Foundation, Inc.
  ~ 51 Franklin Street, Fifth Floor
  ~ Boston, MA  02110-1301  USA
  -->

<!DOCTYPE chapter PUBLIC "-//OASIS//DTD DocBook XML V4.5//EN" "http://www.oasis-open.org/docbook/xml/4.5/docbookx.dtd">

<chapter id="validator-introduction">
	<title>Introduction</title>

	<section id="validator-introduction-whatisit" revision="1">
	    <title>What is it about?</title>

	    <para></para>
	</section>

	<section id="validator-introduction-installation" revision="1">
	    <title>Installation</title>

	    <para>

			<section revision="1">
				<title>Prerequisites</title>

				<para></para>
			</section>
			<section revision="1">
				<title>Running Bean Validation RI with downloaded JARs</title>
 
				<para></para>
			</section>
			<section revision="1">
				<title>Running Bean Validation RI using Maven</title>

				<para></para>
			</section>
			<section revision="1">
				<title>Building Bean Validation RI from the sources</title>

				<para></para>
			</section>
		</para>
	</section>

</chapter>
