<?xml version="1.0" encoding="UTF-8"?>
<!-- $Id: master.xml 17841 2009-10-26 16:24:37Z hardy.ferentschik $ -->
<!--
  ~ Hibernate, Relational Persistence for Idiomatic Java
  ~
  ~ Copyright (c) 2009, Red Hat, Inc. and/or its affiliates or third-party contributors as
  ~ indicated by the @author tags or express copyright attribution
  ~ statements applied by the authors.  All third-party contributions are
  ~ distributed under license by Red Hat, Inc.
  ~
  ~ This copyrighted material is made available to anyone wishing to use, modify,
  ~ copy, or redistribute it subject to the terms and conditions of the GNU
  ~ Lesser General Public License, as published by the Free Software Foundation.
  ~
  ~ This program is distributed in the hope that it will be useful,
  ~ but WITHOUT ANY WARRANTY; without even the implied warranty of MERCHANTABILITY
  ~ or FITNESS FOR A PARTICULAR PURPOSE.  See the GNU Lesser General Public License
  ~ for more details.
  ~
  ~ You should have received a copy of the GNU Lesser General Public License
  ~ along with this distribution; if not, write to:
  ~ Free Software Foundation, Inc.
  ~ 51 Franklin Street, Fifth Floor
  ~ Boston, MA  02110-1301  USA
  -->
<!DOCTYPE book PUBLIC "-//OASIS//DTD DocBook XML V4.5//EN"
"http://www.oasis-open.org/docbook/xml/4.5/docbookx.dtd" [
<!ENTITY versionNumber "4.0.1.GA">
<!ENTITY copyrightYear "2009">
<!ENTITY copyrightHolder "Red Hat Middleware, LLC. &amp; Gunnar Morling">
]>
<book lang="en">
  <bookinfo>
    <title>Hibernate Validator</title>

    <subtitle>JSR 303 Reference Implementation</subtitle>

    <subtitle>Reference Guide</subtitle>

    <releaseinfo>&versionNumber;</releaseinfo>

    <productnumber>&versionNumber;</productnumber>

    <copyright>
      <year>&copyrightYear;</year>

      <holder>&copyrightHolder;</holder>
    </copyright>
  </bookinfo>

  <toc></toc>

  <xi:include href="modules/preface.xml" 
               xmlns:xi="http://www.w3.org/2001/XInclude"/>

  <xi:include href="modules/gettingstarted.xml"
              xmlns:xi="http://www.w3.org/2001/XInclude" />

  <xi:include href="modules/usingvalidator.xml"
              xmlns:xi="http://www.w3.org/2001/XInclude" />

  <xi:include href="modules/customconstraints.xml"
              xmlns:xi="http://www.w3.org/2001/XInclude" />

  <xi:include href="modules/xmlconfiguration.xml"
              xmlns:xi="http://www.w3.org/2001/XInclude" />

  <xi:include href="modules/bootstrapping.xml"
              xmlns:xi="http://www.w3.org/2001/XInclude" />

  <xi:include href="modules/integration.xml"
              xmlns:xi="http://www.w3.org/2001/XInclude" />

  <xi:include href="modules/furtherreading.xml"
              xmlns:xi="http://www.w3.org/2001/XInclude" />
</book>
